{
    "name": "Plane.001Geometry.1",
    "normals": [0,0,1,-0.707083,0.707083,0,0.707083,0.707083,0,0.707083,-0.707083,0,-0.707083,-0.707083,0],
    "metadata": {
        "version": 3,
        "normals": 5,
        "materials": 1,
        "vertices": 12,
        "type": "Geometry",
        "generator": "io_three",
        "uvs": 1,
        "faces": 5
    },
    "vertices": [-8.43068,-0.470274,-0.398532,8.43068,-0.470274,-0.398532,-8.43068,7.58359,-0.398533,8.43068,7.58359,-0.398533,7.76318,-0.036338,9.72543,7.76318,-0.036339,-0.447842,-7.75507,-0.036336,9.72543,-7.75507,-0.036337,-0.447842,7.76318,7.29685,9.72543,7.76318,7.29685,-0.447842,-7.75507,7.29685,9.72543,-7.75507,7.29685,-0.447843],
    "materials": [{
        "wireframe": false,
        "depthTest": true,
        "DbgColor": 15658734,
        "DbgName": "drywall",
        "shading": "lambert",
        "colorDiffuse": [0.64,0.64,0.64],
        
        "specularCoef": 50,
        "opacity": 1,
        "blending": "NormalBlending",
        "transparent": false,
        "colorSpecular": [0.5,0.5,0.5],
        "visible": true,
        "DbgIndex": 0,
        "depthWrite": true,
        "colorEmissive": [0,0,0]
    }],
    "uvs": [[0,0,0.0001,0.0001,0.9999,0.0001,0.9999,0.9999,0.0001,0.9999,1,0,1,1,0,1]],
    "faces": [43,0,1,3,2,0,0,0,0,0,0,0,0,0,43,4,5,7,6,0,1,2,3,4,1,1,2,2,43,6,7,11,10,0,0,5,6,7,2,2,3,3,43,5,4,8,9,0,0,5,6,7,1,1,4,4,43,8,10,11,9,0,0,5,6,7,4,3,3,4]
}
