{
    "vertices":[-5.27681,-0.02881,4.1243,-5.27681,0.671051,4.1243,-5.27681,-0.02881,0.960644,-5.27681,0.67105,0.960644,-3.60226,-0.02881,4.1243,-3.60226,0.671051,4.1243,-3.60226,-0.02881,0.960644,-3.60226,0.67105,0.960644],
    "normals":[-1,0,0,0,-1,-0,1,0,0,0,1,-0,0,0,1,0,-0,-1],
    "faces":[35,2,0,1,3,0,0,0,0,0,35,3,7,6,2,0,1,1,1,1,35,7,5,4,6,0,2,2,2,2,35,0,4,5,1,0,3,3,3,3,35,0,2,6,4,0,4,4,4,4,35,5,7,3,1,0,5,5,5,5],
    "uvs":[],
    "materials":[{
        "wireframe":false,
        "depthWrite":true,
        "depthTest":true,
        "blending":"NormalBlending",
        "DbgColor":15658734,
        "colorDiffuse":[0.64,0.64,0.64],
        "visible":true,
        "DbgName":"drywall",
        "opacity":1,
        "colorEmissive":[0,0,0],
        "shading":"phong",
        "specularCoef":50,
        "colorSpecular":[0.5,0.5,0.5],
        "DbgIndex":0,
        "transparent":false
    }],
    "name":"Cube.015Geometry.1",
    "metadata":{
        "normals":6,
        "uvs":0,
        "materials":1,
        "version":3,
        "vertices":8,
        "type":"Geometry",
        "faces":6,
        "generator":"io_three"
    }
}