{
    "normals": [-0.784631,0,-0.619953,-0.554796,0.707083,-0.438368,-0.095065,0.577349,-0.810938,-0.116428,0,-0.993194,0.810938,0.577349,-0.095065,0.993194,0,-0.116428,0.841334,-0.118503,0.527329,0.554796,0.707083,0.438368,0.095065,0.577349,0.810938,0.116428,0,0.993194,-0.810938,0.577349,0.095065,-0.993194,0,0.116428,0.095065,-0.577349,0.810938,-0.810938,-0.577349,0.095065,-0.554796,-0.707083,-0.438368,0.554796,-0.707083,0.438368,0.841334,0.118473,0.527329,-0.095065,-0.577349,-0.810938,0.810938,-0.577349,-0.095065,0.707633,-0.118503,0.696554,0.707633,0.118473,0.696554,0.926023,-0.265236,0.268532,0.475448,-0.265236,0.838771,0.475448,0.265206,0.838771,0.926023,0.265236,0.268532,0.709159,0.705008,0,-0.709494,0.704703,0,-0.5786,0.576769,0.576617,0.577502,0.577685,0.5768,0.577166,-0.576983,0.577868,0.705405,-0.708792,0,-0.576067,-0.577899,0.578051,-0.704306,-0.709861,0,0.707236,0.706961,-0.000427,0.999969,0,-0.00061,0.707297,0,0.70687,0.301492,0.904599,0.301309,0.707175,0.707022,0.000214,0.577227,0.577349,0.57741,0.707144,-0.707022,0.000214,0.577227,-0.577349,0.57741,0.707144,-0.707053,-0.000122,0.301492,-0.904538,0.301431,0.707114,0.707053,-0.000122,0.301492,0.904538,0.301431,0.707144,0.707022,0.000214,0.577227,0.577349,0.577441,0.707175,-0.707022,0.000214,0.707083,-0.707114,0,0.301492,-0.904508,0.301492,0.707083,0.707083,0,0.301492,0.904508,0.301492,0,1,0,0,0.999969,0,-0.707419,0,0.706778,-0.301492,0.90463,0.301187,-0.577349,0.577319,0.577349,-0.577349,-0.577349,0.577319,-0.301492,-0.904569,0.30134,-0.301492,0.904569,0.30134,-0.301523,-0.904538,0.301401,-0.301492,0.904569,0.301401,-0.999969,0,-0.000885,-0.706687,0.707511,-0.000641,-0.707724,0.706473,0,-0.707724,-0.706473,0,-0.706565,-0.707602,-0.000336,-0.706595,0.707572,-0.000336,-0.707724,0.706442,0,-0.706565,-0.707602,-0.000183,-0.706504,0.707694,-0.000183,0.63155,0.551164,0.545274],
    "name": "Plane.012Geometry.4",
    "metadata": {
        "generator": "io_three",
        "uvs": 1,
        "faces": 76,
        "normals": 72,
        "vertices": 100,
        "version": 3,
        "type": "Geometry",
        "materials": 4
    },
    "vertices": [-5.3034,-0.044059,-4.33312,-5.3034,2.0142,-4.33312,-4.37655,-0.044059,-5.50615,-4.37655,2.0142,-5.50615,-4.13072,-0.044059,-3.40656,-4.13072,2.0142,-3.40656,-3.20388,-0.044058,-4.57959,-3.20388,2.0142,-4.57959,-5.3034,0.164483,-4.33312,-5.3034,1.79502,-4.33312,-4.37655,1.79502,-5.50615,-4.37655,0.164483,-5.50615,-3.20388,1.79502,-4.57959,-3.20388,0.164483,-4.57959,-4.13072,1.79502,-3.40656,-4.13072,0.164483,-3.40656,-4.50273,-0.044059,-5.34646,-5.17722,-0.044059,-4.49281,-5.17722,2.0142,-4.49281,-4.50273,2.0142,-5.34646,-4.00455,-0.044059,-3.56625,-3.33005,-0.044059,-4.4199,-3.33005,2.0142,-4.4199,-4.00455,2.0142,-3.56625,-3.33005,0.164483,-4.4199,-4.00455,0.164483,-3.56625,-3.33005,1.79502,-4.4199,-4.00455,1.79502,-3.56625,-5.17722,0.164483,-4.49281,-4.50273,0.164483,-5.34646,-5.17722,1.79502,-4.49281,-4.50273,1.79502,-5.34646,-3.39875,0.227034,-4.42098,-4.02149,0.227034,-3.63283,-3.39875,1.73247,-4.42098,-4.02149,1.73247,-3.63283,-5.3034,2.0142,-4.33312,-5.3034,3.5092,-4.33312,-4.37655,2.0142,-5.50615,-4.37655,3.5092,-5.50615,-4.13072,2.0142,-3.40656,-4.13072,3.5092,-3.40656,-3.20388,2.0142,-4.57959,-3.20388,3.5092,-4.57959,-5.95522,-0.007131,9.04685,12.1764,-0.007132,9.04684,12.1764,-0.007131,-6.16594,-5.95523,-0.007132,-6.16593,-5.95305,7.66877,9.1147,-5.95305,7.66877,-6.17834,12.1474,7.66877,9.08291,12.1474,7.66877,-6.17836,-5.9072,0.0068,8.99544,-5.9072,0.047055,8.99544,-5.95006,0.047054,8.99544,-5.95006,0.310377,8.99544,-5.9291,0.310377,8.99544,-5.9291,0.343566,8.99544,-5.95555,0.343565,8.99544,-5.95555,0.370719,8.99544,-5.93956,0.370719,8.99544,-5.93956,0.391387,8.99544,-5.95502,0.391387,8.99544,-5.9165,0.0068,-6.14112,-5.9165,0.047054,-6.14112,-5.94527,0.047055,-6.17513,-5.94527,0.310377,-6.17513,-5.93199,0.310376,-6.1566,-5.93199,0.343565,-6.1566,-5.95069,0.343566,-6.17531,-5.95069,0.370719,-6.17531,-5.93938,0.370719,-6.164,-5.93938,0.391386,-6.164,-5.95031,0.391386,-6.17493,12.1407,0.0068,-6.14116,12.1407,0.047055,-6.14116,12.1748,0.047055,-6.17513,12.1748,0.310377,-6.17513,12.1562,0.310377,-6.15662,12.1562,0.343566,-6.15662,12.175,0.343567,-6.1753,12.175,0.37072,-6.1753,12.1636,0.37072,-6.16401,12.1636,0.391387,-6.16401,12.1746,0.391387,-6.17492,12.1267,0.006801,9.26733,12.1267,0.047056,9.26733,12.1748,0.047057,9.26746,12.1748,0.310377,9.26746,12.1486,0.310377,9.26739,12.1486,0.343567,9.26739,12.1751,0.343568,9.26746,12.1751,0.37072,9.26746,12.1591,0.370721,9.26742,12.1591,0.391389,9.26742,12.1745,0.391389,9.26746,-4.29519,2.02387,-4.05019,-3.85787,2.02387,-4.5567,-4.6494,2.7323,-4.35601,-4.21208,2.7323,-4.86252],
    "uvs": [[0,0,0.098135,0.901865,0.098135,-0.049323,0.901865,-0.097956,0.901864,0.853231]],
    "materials": [{
        "specularCoef": 50,
        "wireframe": false,
        "shading": "phong",
        "visible": true,
        "colorDiffuse": [0.64,0.64,0.64],
        "depthTest": true,
        "opacity": 1,
        "colorSpecular": [0.5,0.5,0.5],
        "depthWrite": true,
        "blending": "NormalBlending",
        "DbgColor": 15658734,
        "colorEmissive": [0,0,0],
        "DbgIndex": 0,
        "colorAmbient": [0.64,0.64,0.64],
        "transparent": false,
        "DbgName": "glass"
    },{
        "specularCoef": 50,
        "wireframe": false,
        "shading": "phong",
        "visible": true,
        "colorDiffuse": [0.64,0.64,0.64],
        "depthTest": true,
        "opacity": 1,
        "colorSpecular": [0.5,0.5,0.5],
        "depthWrite": true,
        "blending": "NormalBlending",
        "DbgColor": 15597568,
        "colorEmissive": [0,0,0],
        "DbgIndex": 1,
        "colorAmbient": [0.64,0.64,0.64],
        "transparent": false,
        "DbgName": "woodFloor2"
    },{
        "specularCoef": 50,
        "wireframe": false,
        "shading": "phong",
        "visible": true,
        "colorDiffuse": [0.64,0.64,0.64],
        "depthTest": true,
        "opacity": 1,
        "colorSpecular": [0.5,0.5,0.5],
        "depthWrite": true,
        "blending": "NormalBlending",
        "DbgColor": 60928,
        "colorEmissive": [0,0,0],
        "DbgIndex": 2,
        "colorAmbient": [0.64,0.64,0.64],
        "transparent": false,
        "DbgName": "drywall"
    },{
        "specularCoef": 50,
        "wireframe": false,
        "shading": "phong",
        "visible": true,
        "colorDiffuse": [0.64,0.64,0.64],
        "depthTest": true,
        "opacity": 1,
        "colorSpecular": [0.5,0.5,0.5],
        "depthWrite": true,
        "blending": "NormalBlending",
        "DbgColor": 238,
        "colorEmissive": [0,0,0],
        "DbgIndex": 3,
        "colorAmbient": [0.64,0.64,0.64],
        "transparent": false,
        "DbgName": "trimWhite"
    }],