{
    "normals": [0.707236,0.706961,-0.000427,0.999969,0,-0.00061,0.707297,0,0.70687,0.301492,0.904599,0.301309,0.707175,0.707022,0.000214,0.577227,0.577349,0.57741,0.707144,-0.707053,0.000214,0.577227,-0.577349,0.57741,0.707144,-0.707022,-0.000122,0.301492,-0.904538,0.301462,0.707114,0.707083,-0.000122,0.301462,0.904538,0.301462,0.577227,0.577349,0.577441,0.707175,-0.707022,0.000214,0.577258,-0.577349,0.57741,0.707114,-0.707083,0,0.301523,-0.904508,0.301462,0.707114,0.707083,0,0.301492,0.904508,0.301523,0,1,0,-0.707419,0,0.706778,-0.301462,0.90463,0.301218,-0.577319,0.577319,0.577349,-0.577319,-0.577319,0.577349,-0.301492,-0.904569,0.30134,-0.301492,0.904569,0.30134,-0.577349,0.577319,0.577349,-0.577349,-0.577349,0.577319,-0.301523,-0.904538,0.30137,-0.301492,0.904538,0.301401,-0.999969,0,-0.000885,-0.706687,0.707511,-0.000641,-0.707724,0.706473,0,-0.707694,-0.706473,0,-0.706595,-0.707572,-0.000336,-0.706595,0.707572,-0.000336,-0.707724,0.706442,0,-0.706595,-0.707572,-0.000183,-0.706534,0.707663,-0.000183,0,0.999969,0,0.709159,0.705008,0,-0.709494,0.704703,0,-0.5786,0.576769,0.576617,0.577502,0.577685,0.5768,0.577166,-0.576983,0.577868,0.705405,-0.708792,0,-0.576067,-0.577899,0.578051,-0.704306,-0.709861,0,0.301492,0.904599,0.301279,0.707144,0.707022,0.000214,0.707114,-0.707083,-0.000122,0.301492,-0.904538,0.301431,0.707114,0.707053,-0.000122,0.301492,0.904538,0.301462,0.577258,0.577349,0.57741,0.577227,-0.577349,0.577441,0.707083,-0.707083,0,0.301492,-0.904508,0.301523,0.707144,0.707053,0,0,1,3.1e-05,-0.301462,0.90463,0.301187,-0.577319,-0.577349,0.577349,-0.301462,-0.904569,0.30134,-0.301492,0.904569,0.30137,-0.577349,-0.577319,0.577349,-0.301492,-0.904538,0.301431,-0.301523,0.904538,0.301431,-3.1e-05,1,3.1e-05,-0.706595,-0.707602,-0.000336,-0.707724,-0.706473,0,-0.706565,-0.707602,-0.000183,-0.706565,0.707602,-0.000183,-6.1e-05,1,0],
    "name": "githubGeometry.7",
    "metadata": {
        "generator": "io_three",
        "uvs": 1,
        "faces": 65,
        "normals": 73,
        "vertices": 96,
        "version": 3,
        "type": "Geometry",
        "materials": 3
    },
    "vertices": [-8.93117,7.28314,8.96027,-8.93117,7.32339,8.96028,-8.97403,7.32339,8.96028,-8.97403,7.58672,8.96027,-8.95307,7.58671,8.96027,-8.95307,7.61991,8.96027,-8.97953,7.61991,8.96027,-8.97953,7.64706,8.96027,-8.96354,7.64706,8.96027,-8.96354,7.66773,8.96028,-8.97899,7.66773,8.96027,-8.94047,7.28314,-6.17629,-8.94047,7.32339,-6.17629,-8.96924,7.32339,-6.2103,-8.96924,7.58672,-6.2103,-8.95596,7.58672,-6.19177,-8.95596,7.61991,-6.19177,-8.97466,7.61991,-6.21048,-8.97466,7.64706,-6.21048,-8.96336,7.64706,-6.19917,-8.96336,7.66773,-6.19917,-8.97429,7.66773,-6.2101,9.08817,7.28314,-6.17633,9.08817,7.32339,-6.17633,9.12223,7.32339,-6.21029,9.12223,7.58672,-6.2103,9.10368,7.58672,-6.19179,9.10368,7.61991,-6.19179,9.12241,7.61991,-6.21047,9.12241,7.64706,-6.21047,9.11109,7.64706,-6.19918,9.11109,7.66773,-6.19918,9.12203,7.66773,-6.21009,9.07417,7.28314,9.23216,9.07417,7.32339,9.23216,9.12227,7.32339,9.2323,9.12227,7.58672,9.23229,9.09607,7.58671,9.23222,9.09607,7.61991,9.23222,9.12252,7.61991,9.2323,9.12252,7.64706,9.2323,9.10653,7.64706,9.23225,9.10653,7.66773,9.23225,9.12198,7.66773,9.23229,-8.9792,-1e-06,9.01168,9.15248,0,9.01167,9.15247,0,-6.20111,-8.9792,-0,-6.2011,-8.97702,7.6759,9.07954,-8.97703,7.6759,-6.21351,9.12342,7.6759,9.04774,9.12342,7.6759,-6.21352,-8.93117,0.013931,8.96027,-8.93117,0.054185,8.96027,-8.97403,0.054185,8.96027,-8.97403,0.317508,8.96027,-8.95307,0.317507,8.96027,-8.95307,0.350698,8.96027,-8.97953,0.350696,8.96027,-8.97953,0.37785,8.96027,-8.96354,0.377851,8.96027,-8.96354,0.398518,8.96027,-8.97899,0.398518,8.96027,-8.94047,0.013931,-6.1643,-8.94047,0.054186,-6.1643,-8.96924,0.054186,-6.19831,-8.96924,0.317508,-6.19831,-8.95596,0.317508,-6.17978,-8.95596,0.350697,-6.17978,-8.97466,0.350698,-6.19849,-8.97466,0.37785,-6.19849,-8.96336,0.37785,-6.18718,-8.96336,0.398517,-6.18718,-8.97428,0.398517,-6.19811,9.11675,0.013933,-6.16434,9.11675,0.054187,-6.16434,9.15081,0.054187,-6.1983,9.15081,0.31751,-6.1983,9.13226,0.31751,-6.1798,9.13226,0.350698,-6.1798,9.15099,0.350699,-6.19848,9.15099,0.377851,-6.19848,9.13967,0.377853,-6.18719,9.13967,0.398519,-6.18719,9.15061,0.39852,-6.1981,9.10275,0.013931,9.23216,9.10275,0.054186,9.23216,9.15085,0.054188,9.23229,9.15085,0.317508,9.23229,9.12465,0.317507,9.23222,9.12465,0.350698,9.23222,9.1511,0.350699,9.2323,9.1511,0.377851,9.2323,9.13511,0.377851,9.23225,9.13511,0.39852,9.23225,9.15056,0.39852,9.23229],
    "uvs": [[0,0,0.098135,0.901865,0.098135,-0.049323,0.901865,-0.097956,0.901864,0.853231]],
    "materials": [{
        "specularCoef": 50,
        "wireframe": false,
        "shading": "phong",
        "visible": true,
        "colorDiffuse": [0.64,0.64,0.64],
        "depthTest": true,
        "opacity": 1,
        "colorSpecular": [0.5,0.5,0.5],
        "depthWrite": true,
        "blending": "NormalBlending",
        "DbgColor": 15658496,
        "colorEmissive": [0,0,0],
        "DbgIndex": 4,
        "colorAmbient": [0.64,0.64,0.64],
        "transparent": false,
        "DbgName": "trimWhite"
    },{
        "specularCoef": 50,
        "wireframe": false,
        "shading": "phong",
        "visible": true,
        "colorDiffuse": [0.64,0.64,0.64],
        "depthTest": true,
        "opacity": 1,
        "colorSpecular": [0.5,0.5,0.5],
        "depthWrite": true,
        "blending": "NormalBlending",
        "DbgColor": 60928,
        "colorEmissive": [0,0,0],
        "DbgIndex": 2,
        "colorAmbient": [0.64,0.64,0.64],
        "transparent": false,
        "DbgName": "woodFloor2"
    },{
        "specularCoef": 50,
        "wireframe": false,
        "shading": "phong",
        "visible": true,
        "colorDiffuse": [0.64,0.64,0.64],
        "depthTest": true,
        "opacity": 1,
        "colorSpecular": [0.5,0.5,0.5],
        "depthWrite": true,
        "blending": "NormalBlending",
        "DbgColor": 238,
        "colorEmissive": [0,0,0],
        "DbgIndex": 3,
        "colorAmbient": [0.64,0.64,0.64],
        "transparent": false,
        "DbgName": "drywall"
    }],